﻿Aditi jain,aditi.jain@sproxil.com,9873123456,5TPL4E,1000
Ashish Singh,ashish.singh@gmail.com,9876890463,KF34MF,2500
Bhaskar maheshwari,bhaskar.mah@gmail.com,9801834992,5TYSHGF,2500
Harish sahai,harish294all@gmail.com,9876548763,MKGI2W,2500
Karan Singh,karan.singh@gmail.com,8976665768,LRF34F,2500
Mitali gupta,mitali.gupta80@gmail.com,8796751238,5RTYU3,1000
Mitali gupta,mitali.gupta80@gmail.com,8796751238,5RTYU3,2500
Shivshankar das,sankar.shiva730@gmail.com,9801834992,3RE5TY,2500
Tanvi mann,tanvi.mann1907@gmail.com,9178352769,JSH48B,1000
Tanvi mann,tanvi.mann1907@gmail.com,9178352769,JSH48B,2000
Umang parejiya,uparejiya@gmail.com,7896543674,6TY4WE,2500
